time_ms,node_id,rssi_dbm,collided
798,4,-29.25934819085409,False
1080,4,-29.25934819085409,False
1234,5,-31.894088462747455,False
1282,4,-29.25934819085409,False
1319,5,-31.894088462747455,False
1388,4,-29.25934819085409,False
1404,5,-31.894088462747455,False
1412,7,-14.6252619660141,False
1473,0,-51.50617211780494,False
1481,9,-63.6548145942005,False
1481,8,-49.23720914934826,False
1489,3,-17.283447100014683,False
1505,1,-66.72139026941323,False
1534,3,-17.283447100014683,False
1534,5,-31.894088462747455,False
1542,4,-29.25934819085409,False
1558,2,-57.08267569168619,False
1558,9,-63.6548145942005,False
1566,7,-14.6252619660141,False
1587,3,-17.283447100014683,False
1587,10,-65.6284263160874,False
1603,7,-14.6252619660141,False
1603,1,-66.72139026941323,False
1611,4,-29.25934819085409,False
1656,4,-29.25934819085409,False
1664,10,-65.6284263160874,False
1680,1,-66.72139026941323,False
1680,7,-14.6252619660141,False
1688,11,-52.84282551013513,False
1709,10,-65.6284263160874,False
1709,11,-52.84282551013513,False
1757,7,-14.6252619660141,True
1757,3,-17.283447100014683,True
1765,6,-51.5901142214492,True
1765,4,-29.25934819085409,False
1765,0,-51.50617211780494,True
1765,2,-57.08267569168619,True
1794,8,-49.23720914934826,False
1826,3,-17.283447100014683,False
1834,11,-52.84282551013513,False
1842,2,-57.08267569168619,False
1842,0,-51.50617211780494,False
1855,7,-14.6252619660141,False
1903,3,-17.283447100014683,False
1956,6,-51.5901142214492,False
1980,3,-17.283447100014683,False
2049,3,-17.283447100014683,False
2049,5,-31.894088462747455,False
2049,8,-49.23720914934826,False
2086,5,-31.894088462747455,False
2134,3,-17.283447100014683,True
2134,4,-29.25934819085409,True
2134,7,-14.6252619660141,True
2155,8,-49.23720914934826,False
2187,6,-51.5901142214492,False
2187,7,-14.6252619660141,False
2232,5,-31.894088462747455,False
2248,4,-29.25934819085409,False
2293,7,-14.6252619660141,False
2301,3,-17.283447100014683,False
2301,9,-63.6548145942005,False
2378,4,-29.25934819085409,False
2386,6,-51.5901142214492,False
2423,11,-52.84282551013513,False
2431,9,-63.6548145942005,False
2439,1,-66.72139026941323,False
2439,6,-51.5901142214492,False
2447,4,-29.25934819085409,False
2463,10,-65.6284263160874,False
2484,3,-17.283447100014683,True
2484,7,-14.6252619660141,True
2500,5,-31.894088462747455,False
2508,10,-65.6284263160874,False
2516,2,-57.08267569168619,False
2524,0,-51.50617211780494,False
2561,0,-51.50617211780494,False
2569,1,-66.72139026941323,False
2569,3,-17.283447100014683,False
2569,5,-31.894088462747455,False
2577,11,-52.84282551013513,False
2593,7,-14.6252619660141,False
2622,10,-65.6284263160874,False
2646,1,-66.72139026941323,False
2654,7,-14.6252619660141,False
2662,0,-51.50617211780494,False
2683,5,-31.894088462747455,False
2699,11,-52.84282551013513,False
2776,3,-17.283447100014683,False
2784,2,-57.08267569168619,False
2792,9,-63.6548145942005,False
2800,7,-14.6252619660141,False
2824,5,-31.894088462747455,True
2824,8,-49.23720914934826,True
2824,4,-29.25934819085409,True
2845,8,-49.23720914934826,False
2877,9,-63.6548145942005,False
2901,7,-14.6252619660141,False
2930,2,-57.08267569168619,False
2930,4,-29.25934819085409,False
2970,5,-31.894088462747455,False
2978,3,-17.283447100014683,True
2978,7,-14.6252619660141,True
2999,4,-29.25934819085409,False
3015,7,-14.6252619660141,False
3023,3,-17.283447100014683,False
3116,4,-29.25934819085409,False
3145,3,-17.283447100014683,False
3193,4,-29.25934819085409,False
3201,6,-51.5901142214492,False
3238,3,-17.283447100014683,False
3238,4,-29.25934819085409,False
3238,6,-51.5901142214492,False
3254,5,-31.894088462747455,False
3275,5,-31.894088462747455,False
3283,6,-51.5901142214492,False
3291,4,-29.25934819085409,False
3315,1,-66.72139026941323,False
3323,10,-65.6284263160874,False
3323,0,-51.50617211780494,False
3344,0,-51.50617211780494,False
3352,1,-66.72139026941323,False
3392,4,-29.25934819085409,False
3405,11,-52.84282551013513,False
3445,10,-65.6284263160874,False
3453,8,-49.23720914934826,False
3461,5,-31.894088462747455,False
3474,7,-14.6252619660141,False
3490,2,-57.08267569168619,False
3490,8,-49.23720914934826,False
3490,10,-65.6284263160874,False
3506,11,-52.84282551013513,False
3522,5,-31.894088462747455,False
3543,3,-17.283447100014683,False
3559,7,-14.6252619660141,False
3575,9,-63.6548145942005,False
3620,11,-52.84282551013513,False
3628,4,-29.25934819085409,False
3652,3,-17.283447100014683,False
3697,2,-57.08267569168619,False
3705,3,-17.283447100014683,False
3729,4,-29.25934819085409,False
3774,3,-17.283447100014683,False
3790,5,-31.894088462747455,False
3790,7,-14.6252619660141,False
3851,9,-63.6548145942005,False
3859,6,-51.5901142214492,False
3891,1,-66.72139026941323,False
3899,0,-51.50617211780494,False
3899,2,-57.08267569168619,False
3912,5,-31.894088462747455,False
3920,7,-14.6252619660141,False
3944,0,-51.50617211780494,False
3944,4,-29.25934819085409,False
3997,9,-63.6548145942005,False
4005,6,-51.5901142214492,False
4029,7,-14.6252619660141,False
4066,2,-57.08267569168619,False
4066,8,-49.23720914934826,False
4066,9,-63.6548145942005,False
4082,10,-65.6284263160874,False
4098,6,-51.5901142214492,False
4098,7,-14.6252619660141,False
4119,11,-52.84282551013513,False
4143,3,-17.283447100014683,False
4151,1,-66.72139026941323,False
4159,10,-65.6284263160874,False
4175,5,-31.894088462747455,False
4188,11,-52.84282551013513,False
4220,4,-29.25934819085409,False
4265,5,-31.894088462747455,False
4289,3,-17.283447100014683,False
4313,4,-29.25934819085409,False
4329,7,-14.6252619660141,False
4350,7,-14.6252619660141,False
4350,4,-29.25934819085409,False
4398,10,-65.6284263160874,False
4406,3,-17.283447100014683,False
4406,5,-31.894088462747455,False
4467,3,-17.283447100014683,False
4467,10,-65.6284263160874,False
4504,0,-51.50617211780494,False
4528,3,-17.283447100014683,True
4528,7,-14.6252619660141,True
4536,8,-49.23720914934826,False
4621,5,-31.894088462747455,False
4642,0,-51.50617211780494,False
4658,6,-51.5901142214492,False
4658,1,-66.72139026941323,False
4674,8,-49.23720914934826,False
4703,4,-29.25934819085409,False
4703,8,-49.23720914934826,False
4711,0,-51.50617211780494,False
4711,5,-31.894088462747455,False
4719,2,-57.08267569168619,False
4719,3,-17.283447100014683,False
4735,6,-51.5901142214492,False
4735,9,-63.6548145942005,False
4756,2,-57.08267569168619,False
4804,1,-66.72139026941323,False
4841,4,-29.25934819085409,False
4873,3,-17.283447100014683,False
4910,7,-14.6252619660141,False
4926,1,-66.72139026941323,False
4950,11,-52.84282551013513,False
4971,7,-14.6252619660141,False
4971,11,-52.84282551013513,False
4987,4,-29.25934819085409,False
4995,3,-17.283447100014683,False
4995,9,-63.6548145942005,False
5056,5,-31.894088462747455,True
5056,4,-29.25934819085409,True
5157,9,-63.6548145942005,False
5170,3,-17.283447100014683,False
5170,4,-29.25934819085409,False
5178,10,-65.6284263160874,False
5194,5,-31.894088462747455,False
5255,4,-29.25934819085409,False
5271,3,-17.283447100014683,False
5279,10,-65.6284263160874,False
5292,3,-17.283447100014683,False
5316,10,-65.6284263160874,False
5324,5,-31.894088462747455,False
5377,0,-51.50617211780494,True
5377,4,-29.25934819085409,True
5377,5,-31.894088462747455,True
5377,7,-14.6252619660141,False
5385,8,-49.23720914934826,False
5414,8,-49.23720914934826,False
5430,3,-17.283447100014683,False
5438,4,-29.25934819085409,False
5462,6,-51.5901142214492,False
5475,2,-57.08267569168619,True
5475,0,-51.50617211780494,True
5475,8,-49.23720914934826,True
5491,4,-29.25934819085409,False
5499,1,-66.72139026941323,False
5523,5,-31.894088462747455,False
5552,2,-57.08267569168619,False
5560,1,-66.72139026941323,False
5576,3,-17.283447100014683,False
5576,6,-51.5901142214492,False
5584,5,-31.894088462747455,False
5605,4,-29.25934819085409,False
5621,5,-31.894088462747455,False
5621,7,-14.6252619660141,False
5629,3,-17.283447100014683,False
5645,2,-57.08267569168619,False
5669,6,-51.5901142214492,False
5698,5,-31.894088462747455,False
5730,0,-51.50617211780494,False
5754,3,-17.283447100014683,False
5767,4,-29.25934819085409,False
5860,1,-66.72139026941323,False
5860,9,-63.6548145942005,False
5868,4,-29.25934819085409,False
5900,3,-17.283447100014683,False
5916,7,-14.6252619660141,False
5929,4,-29.25934819085409,False
5945,3,-17.283447100014683,False
5985,5,-31.894088462747455,False
5993,10,-65.6284263160874,False
6006,4,-29.25934819085409,False
6046,3,-17.283447100014683,False
6062,7,-14.6252619660141,False
6091,7,-14.6252619660141,False
6123,3,-17.283447100014683,False
6123,10,-65.6284263160874,False
6139,4,-29.25934819085409,False
6168,3,-17.283447100014683,False
6176,5,-31.894088462747455,False
6184,11,-52.84282551013513,False
6192,9,-63.6548145942005,False
6200,4,-29.25934819085409,False
6208,10,-65.6284263160874,False
6245,4,-29.25934819085409,False
6285,7,-14.6252619660141,False
6285,8,-49.23720914934826,False
6285,11,-52.84282551013513,False
6338,3,-17.283447100014683,False
6346,8,-49.23720914934826,False
6354,5,-31.894088462747455,True
6354,2,-57.08267569168619,True
6354,4,-29.25934819085409,True
6375,9,-63.6548145942005,False
6383,7,-14.6252619660141,False
6399,5,-31.894088462747455,False
6399,8,-49.23720914934826,False
6431,4,-29.25934819085409,False
6431,11,-52.84282551013513,False
6439,0,-51.50617211780494,False
6460,2,-57.08267569168619,False
6460,6,-51.5901142214492,False
6468,11,-52.84282551013513,False
6476,5,-31.894088462747455,False
6500,7,-14.6252619660141,False
6508,4,-29.25934819085409,False
6524,3,-17.283447100014683,False
6537,7,-14.6252619660141,False
6577,2,-57.08267569168619,False
6601,5,-31.894088462747455,False
6638,6,-51.5901142214492,False
6638,9,-63.6548145942005,False
6662,5,-31.894088462747455,False
6678,7,-14.6252619660141,False
6678,1,-66.72139026941323,False
6710,4,-29.25934819085409,False
6723,1,-66.72139026941323,False
6739,9,-63.6548145942005,False
6763,6,-51.5901142214492,False
6771,0,-51.50617211780494,False
6771,10,-65.6284263160874,False
6832,3,-17.283447100014683,False
6840,5,-31.894088462747455,False
6925,0,-51.50617211780494,False
6949,1,-66.72139026941323,False
6973,3,-17.283447100014683,False
6981,5,-31.894088462747455,False
6994,8,-49.23720914934826,False
7034,10,-65.6284263160874,False
7042,4,-29.25934819085409,False
7042,7,-14.6252619660141,False
7079,7,-14.6252619660141,False
7087,8,-49.23720914934826,False
7095,1,-66.72139026941323,False
7103,0,-51.50617211780494,False
7111,10,-65.6284263160874,False
7119,5,-31.894088462747455,False
7172,0,-51.50617211780494,False
7180,11,-52.84282551013513,False
7188,4,-29.25934819085409,False
7196,3,-17.283447100014683,True
7196,7,-14.6252619660141,True
7241,5,-31.894088462747455,False
7241,8,-49.23720914934826,False
7265,4,-29.25934819085409,False
7273,11,-52.84282551013513,False
7281,2,-57.08267569168619,False
7318,9,-63.6548145942005,False
7350,6,-51.5901142214492,False
7358,4,-29.25934819085409,False
7403,7,-14.6252619660141,False
7403,9,-63.6548145942005,False
7419,3,-17.283447100014683,False
7419,11,-52.84282551013513,False
7427,4,-29.25934819085409,False
7443,6,-51.5901142214492,False
7451,5,-31.894088462747455,False
7552,4,-29.25934819085409,False
7552,6,-51.5901142214492,False
7565,5,-31.894088462747455,False
7605,3,-17.283447100014683,False
7621,9,-63.6548145942005,False
7666,5,-31.894088462747455,False
7666,10,-65.6284263160874,False
7666,4,-29.25934819085409,False
7690,1,-66.72139026941323,False
7735,2,-57.08267569168619,False
7735,3,-17.283447100014683,False
7743,5,-31.894088462747455,False
7759,4,-29.25934819085409,False
7804,1,-66.72139026941323,False
7820,2,-57.08267569168619,False
7820,10,-65.6284263160874,False
7828,3,-17.283447100014683,False
7836,0,-51.50617211780494,False
7836,5,-31.894088462747455,False
7852,4,-29.25934819085409,False
7913,5,-31.894088462747455,False
7921,1,-66.72139026941323,False
7945,0,-51.50617211780494,False
7945,3,-17.283447100014683,False
7945,10,-65.6284263160874,False
7966,3,-17.283447100014683,False
7998,7,-14.6252619660141,False
7998,11,-52.84282551013513,False
7998,5,-31.894088462747455,False
8006,4,-29.25934819085409,False
8022,8,-49.23720914934826,False
8051,3,-17.283447100014683,False
8144,8,-49.23720914934826,False
8160,5,-31.894088462747455,False
8168,11,-52.84282551013513,False
8192,2,-57.08267569168619,False
8213,7,-14.6252619660141,False
8261,8,-49.23720914934826,False
8269,3,-17.283447100014683,False
8290,3,-17.283447100014683,True
8290,7,-14.6252619660141,True
8290,9,-63.6548145942005,True
8314,4,-29.25934819085409,False
8338,6,-51.5901142214492,False
8407,9,-63.6548145942005,False
8415,5,-31.894088462747455,False
8436,2,-57.08267569168619,False
8452,7,-14.6252619660141,False
8460,6,-51.5901142214492,False
8468,4,-29.25934819085409,False
8468,1,-66.72139026941323,False
8476,0,-51.50617211780494,False
8492,3,-17.283447100014683,False
8505,0,-51.50617211780494,False
8505,9,-63.6548145942005,False
8513,1,-66.72139026941323,True
8513,10,-65.6284263160874,True
8513,11,-52.84282551013513,False
8561,7,-14.6252619660141,False
8590,6,-51.5901142214492,False
8606,7,-14.6252619660141,False
8622,5,-31.894088462747455,False
8622,3,-17.283447100014683,False
8630,11,-52.84282551013513,False
8638,4,-29.25934819085409,False
8715,2,-57.08267569168619,False
8739,10,-65.6284263160874,False
8752,4,-29.25934819085409,False
8792,10,-65.6284263160874,False
8845,3,-17.283447100014683,True
8845,7,-14.6252619660141,True
8861,4,-29.25934819085409,False
8893,2,-57.08267569168619,False
8901,8,-49.23720914934826,False
8914,5,-31.894088462747455,False
8930,3,-17.283447100014683,False
8970,8,-49.23720914934826,False
8978,7,-14.6252619660141,False
9047,3,-17.283447100014683,False
9076,7,-14.6252619660141,False
9084,4,-29.25934819085409,False
9108,5,-31.894088462747455,False
9137,3,-17.283447100014683,False
9137,4,-29.25934819085409,True
9137,5,-31.894088462747455,True
9177,0,-51.50617211780494,False
9206,3,-17.283447100014683,False
9206,0,-51.50617211780494,False
9238,7,-14.6252619660141,False
9267,1,-66.72139026941323,False
9267,6,-51.5901142214492,False
9283,7,-14.6252619660141,False
9283,9,-63.6548145942005,False
9307,5,-31.894088462747455,False
9328,5,-31.894088462747455,False
9397,1,-66.72139026941323,False
9405,6,-51.5901142214492,False
9413,11,-52.84282551013513,False
9413,7,-14.6252619660141,False
9421,9,-63.6548145942005,False
9429,10,-65.6284263160874,False
9442,9,-63.6548145942005,False
9442,11,-52.84282551013513,False
9450,4,-29.25934819085409,False
9511,10,-65.6284263160874,False
9519,4,-29.25934819085409,False
9527,6,-51.5901142214492,False
9535,1,-66.72139026941323,False
9551,8,-49.23720914934826,False
9559,11,-52.84282551013513,False
9559,5,-31.894088462747455,False
9580,2,-57.08267569168619,False
9604,5,-31.894088462747455,False
9620,7,-14.6252619660141,False
9673,7,-14.6252619660141,False
9681,10,-65.6284263160874,False
9697,5,-31.894088462747455,False
9705,2,-57.08267569168619,False
9713,3,-17.283447100014683,False
9750,4,-29.25934819085409,False
9782,8,-49.23720914934826,False
9819,5,-31.894088462747455,False
9843,4,-29.25934819085409,False
9843,8,-49.23720914934826,False
9851,0,-51.50617211780494,False
9867,2,-57.08267569168619,False
9912,4,-29.25934819085409,False
9936,3,-17.283447100014683,True
9936,7,-14.6252619660141,True
9973,9,-63.6548145942005,False
9981,0,-51.50617211780494,False
9989,4,-29.25934819085409,False
9997,7,-14.6252619660141,False
10005,5,-31.894088462747455,False
10042,9,-63.6548145942005,False
10050,2,-57.08267569168619,False
10050,3,-17.283447100014683,False
10066,0,-51.50617211780494,False
10087,4,-29.25934819085409,False
10095,3,-17.283447100014683,False
10119,11,-52.84282551013513,False
10143,7,-14.6252619660141,False
10180,9,-63.6548145942005,False
10212,7,-14.6252619660141,True
10212,3,-17.283447100014683,True
10212,6,-51.5901142214492,True
10225,11,-52.84282551013513,False
10265,6,-51.5901142214492,False
10281,4,-29.25934819085409,False
10294,3,-17.283447100014683,False
10302,7,-14.6252619660141,False
10318,6,-51.5901142214492,False
10334,10,-65.6284263160874,True
10334,1,-66.72139026941323,True
10342,11,-52.84282551013513,False
10363,8,-49.23720914934826,False
10411,5,-31.894088462747455,False
10448,8,-49.23720914934826,False
10480,3,-17.283447100014683,False
10504,10,-65.6284263160874,False
10525,1,-66.72139026941323,False
10533,3,-17.283447100014683,False
10541,8,-49.23720914934826,False
10618,10,-65.6284263160874,False
10618,5,-31.894088462747455,False
10626,4,-29.25934819085409,False
10634,7,-14.6252619660141,True
10634,3,-17.283447100014683,True
10642,0,-51.50617211780494,False
10687,3,-17.283447100014683,False
10724,1,-66.72139026941323,False
10780,4,-29.25934819085409,False
10801,5,-31.894088462747455,False
10809,0,-51.50617211780494,False
10825,1,-66.72139026941323,False
10841,3,-17.283447100014683,False
10854,4,-29.25934819085409,False
10878,7,-14.6252619660141,False
10931,3,-17.283447100014683,False
10939,5,-31.894088462747455,False
10955,9,-63.6548145942005,False
10984,9,-63.6548145942005,False
10992,4,-29.25934819085409,False
11000,0,-51.50617211780494,False
11061,4,-29.25934819085409,False
11061,7,-14.6252619660141,False
11069,3,-17.283447100014683,False
11106,2,-57.08267569168619,False
11106,4,-29.25934819085409,False
11122,7,-14.6252619660141,False
11130,5,-31.894088462747455,False
11146,6,-51.5901142214492,False
11175,4,-29.25934819085409,False
11183,7,-14.6252619660141,False
11220,2,-57.08267569168619,False
11236,3,-17.283447100014683,False
11252,11,-52.84282551013513,False
11260,5,-31.894088462747455,False
11289,6,-51.5901142214492,False
11297,7,-14.6252619660141,False
11321,2,-57.08267569168619,False
11329,3,-17.283447100014683,False
11329,4,-29.25934819085409,False
11350,8,-49.23720914934826,False
11382,6,-51.5901142214492,False
11403,2,-57.08267569168619,False
11419,1,-66.72139026941323,False
11419,7,-14.6252619660141,False
11427,3,-17.283447100014683,False
11443,8,-49.23720914934826,False
11451,5,-31.894088462747455,False
11512,3,-17.283447100014683,False
11557,10,-65.6284263160874,False
11573,4,-29.25934819085409,False
11573,0,-51.50617211780494,False
11573,9,-63.6548145942005,False
11581,3,-17.283447100014683,False
11602,11,-52.84282551013513,False
11610,8,-49.23720914934826,False
11618,4,-29.25934819085409,False
11626,7,-14.6252619660141,False
11634,3,-17.283447100014683,False
11634,5,-31.894088462747455,False
11655,7,-14.6252619660141,False
11663,0,-51.50617211780494,True
11663,3,-17.283447100014683,False
11663,11,-52.84282551013513,True
11703,9,-63.6548145942005,False
11732,11,-52.84282551013513,False
11740,4,-29.25934819085409,False
11748,9,-63.6548145942005,False
11756,3,-17.283447100014683,False
11764,10,-65.6284263160874,False
11772,5,-31.894088462747455,False
11825,1,-66.72139026941323,False
11833,4,-29.25934819085409,False
11865,7,-14.6252619660141,False
11873,5,-31.894088462747455,False
11886,1,-66.72139026941323,False
11894,5,-31.894088462747455,False
11910,10,-65.6284263160874,False
11971,3,-17.283447100014683,False
11987,10,-65.6284263160874,False
12003,5,-31.894088462747455,False
12048,4,-29.25934819085409,True
12048,5,-31.894088462747455,True
12064,7,-14.6252619660141,False
12072,6,-51.5901142214492,False
12096,0,-51.50617211780494,False
12125,0,-51.50617211780494,False
12133,5,-31.894088462747455,False
12157,7,-14.6252619660141,False
12165,4,-29.25934819085409,False
12181,2,-57.08267569168619,False
12202,4,-29.25934819085409,False
12202,6,-51.5901142214492,False
12210,2,-57.08267569168619,False
12210,3,-17.283447100014683,False
12210,5,-31.894088462747455,False
12218,7,-14.6252619660141,False
12287,2,-57.08267569168619,False
12319,8,-49.23720914934826,False
12428,8,-49.23720914934826,False
12428,5,-31.894088462747455,False
12497,3,-17.283447100014683,True
12497,7,-14.6252619660141,True
12510,8,-49.23720914934826,False
12526,3,-17.283447100014683,False
12526,11,-52.84282551013513,False
12542,1,-66.72139026941323,False
12542,9,-63.6548145942005,False
12587,3,-17.283447100014683,False
12603,4,-29.25934819085409,False
12672,0,-51.50617211780494,False
12680,7,-14.6252619660141,False
12693,3,-17.283447100014683,False
12717,0,-51.50617211780494,False
12725,1,-66.72139026941323,False
12725,9,-63.6548145942005,False
12741,5,-31.894088462747455,False
12762,5,-31.894088462747455,False
12762,10,-65.6284263160874,False
12778,11,-52.84282551013513,False
12839,10,-65.6284263160874,False
12839,11,-52.84282551013513,False
12847,3,-17.283447100014683,False
12855,6,-51.5901142214492,False
12884,2,-57.08267569168619,False
12892,3,-17.283447100014683,False
12900,1,-66.72139026941323,False
12908,6,-51.5901142214492,False
12916,7,-14.6252619660141,False
12916,10,-65.6284263160874,False
12924,11,-52.84282551013513,False
12945,2,-57.08267569168619,False
12961,5,-31.894088462747455,False
12969,9,-63.6548145942005,False
12993,1,-66.72139026941323,False
13006,3,-17.283447100014683,False
13014,5,-31.894088462747455,False
13030,4,-29.25934819085409,False
13054,6,-51.5901142214492,True
13054,8,-49.23720914934826,True
13070,9,-63.6548145942005,False
13091,4,-29.25934819085409,False
13115,2,-57.08267569168619,False
13123,7,-14.6252619660141,False
13147,3,-17.283447100014683,False
13176,8,-49.23720914934826,False
13176,5,-31.894088462747455,False
13184,7,-14.6252619660141,False
13253,0,-51.50617211780494,False
13277,3,-17.283447100014683,False
13277,5,-31.894088462747455,False
13293,7,-14.6252619660141,False
13293,8,-49.23720914934826,False
13314,3,-17.283447100014683,False
13322,4,-29.25934819085409,False
13378,5,-31.894088462747455,False
13391,0,-51.50617211780494,False
13415,4,-29.25934819085409,False
13415,10,-65.6284263160874,False
13500,5,-31.894088462747455,False
13508,10,-65.6284263160874,False
13524,4,-29.25934819085409,False
13524,11,-52.84282551013513,False
13561,0,-51.50617211780494,False
13561,7,-14.6252619660141,False
13569,4,-29.25934819085409,False
13601,11,-52.84282551013513,False
13630,6,-51.5901142214492,False
13646,1,-66.72139026941323,False
13654,3,-17.283447100014683,False
13662,7,-14.6252619660141,False
13678,5,-31.894088462747455,False
13699,6,-51.5901142214492,False
13731,5,-31.894088462747455,False
13755,4,-29.25934819085409,False
13763,1,-66.72139026941323,False
13763,7,-14.6252619660141,False
13763,11,-52.84282551013513,False
13800,1,-66.72139026941323,False
13800,5,-31.894088462747455,False
13824,9,-63.6548145942005,False
13877,9,-63.6548145942005,False
13901,3,-17.283447100014683,False
13909,7,-14.6252619660141,False
13917,2,-57.08267569168619,False
13930,5,-31.894088462747455,False
13938,2,-57.08267569168619,False
13962,4,-29.25934819085409,False
14047,3,-17.283447100014683,False
14055,8,-49.23720914934826,False
14071,9,-63.6548145942005,False
14100,5,-31.894088462747455,True
14100,4,-29.25934819085409,True
14124,8,-49.23720914934826,False
14132,3,-17.283447100014683,False
14161,5,-31.894088462747455,False
14169,3,-17.283447100014683,False
14222,10,-65.6284263160874,False
14230,7,-14.6252619660141,False
14262,5,-31.894088462747455,False
14262,8,-49.23720914934826,False
14278,4,-29.25934819085409,False
14299,7,-14.6252619660141,False
14347,4,-29.25934819085409,False
14360,0,-51.50617211780494,False
14376,4,-29.25934819085409,False
14392,1,-66.72139026941323,False
14400,6,-51.5901142214492,False
14400,7,-14.6252619660141,False
14416,3,-17.283447100014683,False
14416,5,-31.894088462747455,False
14429,0,-51.50617211780494,False
14429,4,-29.25934819085409,False
14453,10,-65.6284263160874,True
14453,1,-66.72139026941323,True
14469,11,-52.84282551013513,False
14477,2,-57.08267569168619,False
14485,6,-51.5901142214492,False
14506,0,-51.50617211780494,False
14522,2,-57.08267569168619,False
14522,7,-14.6252619660141,False
14530,11,-52.84282551013513,False
14562,6,-51.5901142214492,False
14575,9,-63.6548145942005,False
14607,4,-29.25934819085409,False
14631,3,-17.283447100014683,False
14668,3,-17.283447100014683,False
14668,5,-31.894088462747455,False
14716,9,-63.6548145942005,False
14745,10,-65.6284263160874,False
14753,3,-17.283447100014683,False
14870,5,-31.894088462747455,False
14878,7,-14.6252619660141,False
14891,3,-17.283447100014683,False
14891,4,-29.25934819085409,False
14923,8,-49.23720914934826,False
14923,11,-52.84282551013513,False
14952,3,-17.283447100014683,False
14952,9,-63.6548145942005,False
14960,7,-14.6252619660141,False
14960,5,-31.894088462747455,False
14976,11,-52.84282551013513,False
