node_id,time_ms,slot_idx,delivered
4,798,6,True
4,1080,11,True
5,1234,4,True
4,1282,10,True
5,1319,3,True
4,1388,1,True
5,1404,3,True
7,1412,4,True
0,1473,2,True
9,1481,3,True
8,1481,3,True
3,1489,4,True
1,1505,6,True
5,1534,1,True
3,1534,1,True
4,1542,2,True
9,1558,4,True
2,1558,4,True
7,1566,5,True
10,1587,0,True
3,1587,0,True
1,1603,2,True
7,1603,2,True
4,1611,3,True
4,1656,1,True
10,1664,2,True
1,1680,4,True
7,1680,4,True
11,1688,5,True
10,1709,0,True
11,1709,0,True
7,1757,6,True
3,1757,6,True
0,1765,7,True
4,1765,7,True
6,1765,7,True
2,1765,7,True
8,1794,2,True
3,1826,6,True
11,1834,7,True
0,1842,8,True
2,1842,8,True
7,1855,0,True
3,1903,6,True
6,1956,2,True
3,1980,5,True
8,2049,4,True
3,2049,4,True
5,2049,4,True
5,2086,0,True
3,2134,6,True
4,2134,6,True
7,2134,6,True
8,2155,0,True
7,2187,4,True
6,2187,4,True
5,2232,1,True
4,2248,3,True
7,2293,0,True
9,2301,1,True
3,2301,1,True
4,2378,3,True
6,2386,4,True
11,2423,1,True
9,2431,2,True
1,2439,3,True
6,2439,3,True
4,2447,4,True
10,2463,6,True
7,2484,1,True
3,2484,1,True
5,2500,3,True
10,2508,4,True
2,2516,5,True
0,2524,6,True
0,2561,3,True
1,2569,4,True
5,2569,4,True
3,2569,4,True
11,2577,5,True
7,2593,7,True
10,2622,2,True
1,2646,5,True
7,2654,6,True
0,2662,7,True
5,2683,0,True
11,2699,2,True
3,2776,2,True
2,2784,3,True
9,2792,4,True
7,2800,5,True
5,2824,8,True
4,2824,8,True
8,2824,8,True
8,2845,1,True
9,2877,5,True
7,2901,8,True
4,2930,2,True
2,2930,2,True
5,2970,7,True
7,2978,8,True
3,2978,8,True
4,2999,1,True
7,3015,3,True
3,3023,4,True
4,3116,6,True
3,3145,0,True
4,3193,6,True
6,3201,7,True
6,3238,3,True
3,3238,3,True
4,3238,3,True
5,3254,5,True
5,3275,0,True
6,3283,1,True
4,3291,2,True
1,3315,5,True
10,3323,6,True
0,3324,6,True
0,3345,1,True
1,3352,2,True
4,3392,7,True
11,3405,0,True
10,3445,5,True
8,3453,6,True
5,3461,7,True
7,3474,0,True
10,3490,2,True
8,3490,2,True
2,3495,2,True
11,3506,4,True
5,3522,6,True
3,3543,0,True
7,3559,2,True
9,3575,4,True
11,3620,0,True
4,3628,1,True
3,3652,4,True
2,3697,0,True
3,3705,1,True
4,3729,4,True
3,3774,0,True
7,3790,2,True
5,3790,2,True
9,3851,1,True
6,3859,2,True
1,3891,6,True
2,3899,7,True
0,3899,7,True
5,3912,0,True
7,3920,1,True
0,3944,4,True
4,3944,4,True
9,3997,2,True
6,4005,3,True
7,4029,6,True
8,4066,2,True
2,4066,2,True
9,4066,2,True
10,4082,4,True
6,4098,6,True
7,4098,6,True
11,4124,0,True
3,4143,3,True
1,4151,4,True
10,4159,5,True
5,4175,7,True
11,4188,0,True
4,4220,4,True
5,4265,0,True
3,4289,3,True
4,4313,6,True
7,4329,8,True
4,4350,1,True
7,4350,1,True
10,4398,7,True
5,4406,8,True
3,4406,8,True
3,4467,6,True
10,4467,6,True
0,4504,1,True
7,4528,4,True
3,4528,4,True
8,4536,5,True
5,4621,7,True
0,4642,1,True
1,4658,3,True
6,4659,3,True
8,4674,5,True
8,4703,1,True
4,4703,1,True
5,4711,2,True
0,4711,2,True
3,4719,3,True
2,4719,3,True
9,4735,5,True
6,4735,5,True
2,4756,0,True
1,4804,6,True
4,4841,2,True
3,4873,6,True
7,4910,2,True
1,4926,4,True
11,4950,7,True
11,4971,1,True
7,4971,1,True
4,4987,3,True
9,4995,4,True
3,4995,4,True
5,5056,3,True
4,5056,3,True
9,5157,7,True
4,5170,0,True
3,5170,0,True
10,5178,1,True
5,5194,3,True
4,5255,3,True
3,5271,5,True
10,5279,6,True
3,5292,0,True
10,5316,3,True
5,5324,4,True
4,5377,3,True
7,5377,3,True
5,5377,3,True
0,5377,3,True
8,5385,4,True
8,5414,0,True
3,5430,2,True
4,5438,3,True
6,5462,6,True
0,5475,0,True
2,5475,0,True
8,5475,0,True
4,5491,2,True
1,5499,3,True
5,5523,6,True
2,5552,2,True
1,5560,3,True
3,5576,5,True
6,5576,5,True
5,5584,6,True
4,5605,0,True
7,5621,2,True
5,5621,2,True
3,5629,3,True
2,5645,5,True
6,5669,8,True
5,5698,2,True
0,5730,6,True
3,5754,9,True
4,5767,0,True
9,5860,1,True
1,5860,1,True
4,5868,2,True
3,5900,6,True
7,5916,8,True
4,5929,0,True
3,5945,2,True
5,5985,7,True
10,5993,8,True
4,6006,0,True
3,6046,5,True
7,6062,7,True
7,6091,1,True
10,6123,5,True
3,6123,5,True
4,6139,7,True
3,6168,2,True
5,6176,3,True
11,6184,4,True
9,6192,5,True
4,6200,6,True
10,6208,7,True
4,6245,3,True
11,6285,8,True
7,6285,8,True
8,6285,8,True
3,6338,5,True
8,6346,6,True
2,6354,7,True
4,6354,7,True
5,6354,7,True
9,6375,0,True
7,6383,1,True
8,6399,3,True
5,6399,3,True
4,6431,7,True
11,6431,7,True
0,6439,8,True
6,6460,1,True
2,6460,1,True
11,6468,2,True
5,6476,3,True
7,6500,6,True
4,6508,7,True
3,6524,9,True
7,6537,0,True
2,6577,5,True
5,6601,8,True
9,6638,1,True
6,6638,1,True
5,6662,4,True
7,6678,6,True
1,6678,6,True
4,6710,10,True
1,6723,0,True
9,6739,2,True
6,6763,5,True
0,6771,6,True
10,6771,6,True
3,6832,2,True
5,6840,3,True
0,6925,2,True
1,6949,5,True
3,6973,8,True
5,6981,9,True
8,6994,0,True
10,7034,5,True
4,7042,6,True
7,7042,6,True
7,7079,0,True
8,7087,1,True
1,7095,2,True
0,7103,3,True
10,7111,4,True
5,7119,5,True
0,7172,2,True
11,7180,3,True
4,7188,4,True
7,7196,5,True
3,7196,5,True
8,7241,1,True
5,7241,1,True
4,7265,4,True
11,7273,5,True
2,7281,6,True
9,7318,1,True
6,7350,5,True
4,7358,6,True
9,7403,1,True
7,7403,1,True
3,7419,3,True
11,7419,3,True
4,7427,4,True
6,7443,6,True
5,7451,7,True
4,7552,9,True
6,7552,9,True
5,7565,0,True
3,7605,5,True
9,7621,7,True
5,7666,2,True
10,7673,2,True
4,7674,3,True
1,7690,5,True
2,7735,1,True
3,7735,1,True
5,7743,2,True
4,7759,4,True
1,7804,0,True
10,7820,2,True
2,7820,2,True
3,7828,3,True
5,7836,4,True
0,7836,4,True
4,7852,6,True
5,7913,4,True
1,7921,5,True
3,7945,8,True
0,7945,8,True
10,7945,8,True
3,7966,1,True
5,7998,5,True
11,7998,5,True
7,7998,5,True
4,8006,6,True
8,8022,8,True
3,8051,1,True
8,8144,2,True
5,8160,4,True
11,8168,5,True
2,8192,8,True
7,8213,1,True
8,8261,7,True
3,8269,8,True
7,8290,1,True
3,8290,1,True
9,8292,1,True
4,8314,4,True
6,8338,7,True
9,8407,6,True
5,8415,7,True
2,8436,0,True
7,8452,2,True
6,8460,3,True
4,8468,4,True
1,8468,4,True
0,8476,5,True
3,8492,7,True
0,8505,0,True
9,8505,0,True
1,8513,1,True
11,8513,1,True
10,8513,1,True
7,8561,7,True
6,8590,1,True
7,8606,3,True
5,8622,5,True
3,8622,5,True
11,8630,6,True
4,8638,7,True
2,8715,6,True
10,8739,9,True
4,8752,0,True
10,8792,5,True
3,8845,1,True
7,8845,1,True
4,8861,3,True
2,8893,7,True
8,8901,8,True
5,8914,0,True
3,8930,2,True
8,8970,7,True
7,8978,8,True
3,9047,7,True
7,9076,1,True
4,9084,2,True
5,9108,5,True
3,9137,0,True
4,9137,0,True
5,9137,0,True
0,9180,5,True
0,9206,1,True
3,9206,1,True
7,9238,5,True
1,9267,1,True
6,9267,1,True
9,9283,3,True
7,9283,3,True
5,9307,6,True
5,9328,1,True
1,9397,2,True
6,9405,3,True
11,9413,4,True
7,9413,4,True
9,9421,5,True
10,9429,6,True
11,9442,0,True
9,9442,0,True
4,9450,1,True
10,9511,0,True
4,9519,1,True
6,9527,2,True
1,9535,3,True
8,9551,5,True
11,9559,6,True
5,9559,6,True
2,9580,0,True
5,9604,3,True
7,9620,5,True
7,9673,2,True
10,9681,3,True
5,9697,5,True
2,9705,6,True
3,9713,7,True
4,9750,2,True
8,9782,6,True
5,9819,1,True
8,9843,4,True
4,9843,4,True
0,9851,5,True
2,9867,7,True
4,9912,4,True
7,9936,7,True
3,9936,7,True
9,9973,3,True
0,9981,4,True
4,9989,5,True
7,9997,6,True
5,10005,7,True
9,10042,3,True
2,10050,4,True
3,10050,4,True
0,10066,6,True
4,10087,0,True
3,10095,1,True
11,10119,4,True
7,10143,7,True
9,10180,3,True
3,10212,7,True
6,10212,7,True
7,10212,7,True
11,10225,0,True
6,10265,5,True
4,10281,7,True
3,10294,0,True
7,10302,1,True
6,10318,3,True
1,10334,5,True
10,10334,5,True
11,10342,6,True
8,10363,0,True
5,10411,6,True
8,10448,1,True
3,10480,5,True
10,10504,8,True
1,10525,1,True
3,10533,2,True
8,10541,3,True
5,10618,4,True
10,10618,4,True
4,10626,5,True
7,10634,6,True
3,10634,6,True
0,10642,7,True
3,10687,4,True
1,10724,0,True
4,10780,7,True
5,10801,1,True
0,10809,2,True
1,10825,4,True
3,10841,6,True
4,10854,0,True
7,10878,3,True
3,10931,2,True
5,10939,3,True
9,10955,5,True
9,10984,1,True
4,10992,2,True
0,11000,3,True
4,11061,3,True
7,11061,3,True
3,11069,4,True
4,11106,1,True
2,11106,1,True
7,11122,3,True
5,11130,4,True
6,11146,6,True
4,11175,2,True
7,11183,3,True
2,11220,0,True
3,11236,2,True
11,11252,4,True
5,11260,5,True
6,11289,1,True
7,11297,2,True
2,11321,5,True
4,11329,6,True
3,11329,6,True
8,11350,1,True
6,11382,5,True
2,11403,0,True
1,11419,2,True
7,11419,2,True
3,11427,3,True
8,11443,5,True
5,11451,6,True
3,11512,6,True
10,11557,3,True
0,11573,5,True
4,11573,5,True
9,11573,5,True
3,11581,6,True
11,11602,1,True
8,11610,2,True
4,11618,3,True
7,11626,4,True
3,11634,5,True
5,11634,5,True
7,11655,0,True
0,11663,1,True
3,11663,1,True
11,11663,1,True
9,11703,6,True
11,11732,1,True
4,11740,2,True
9,11748,3,True
3,11756,4,True
10,11764,5,True
5,11772,6,True
1,11825,3,True
4,11833,4,True
7,11865,8,True
5,11873,9,True
1,11886,0,True
5,11894,1,True
10,11910,3,True
3,11971,0,True
10,11987,2,True
5,12003,4,True
5,12048,0,True
4,12048,0,True
7,12064,2,True
6,12072,3,True
0,12096,6,True
0,12125,0,True
5,12133,1,True
7,12157,4,True
4,12165,5,True
2,12181,7,True
6,12202,0,True
4,12202,0,True
3,12210,1,True
2,12210,1,True
5,12210,1,True
7,12218,2,True
2,12287,1,True
8,12319,5,True
8,12428,8,True
5,12428,8,True
7,12497,7,True
3,12497,7,True
8,12510,0,True
11,12526,2,True
3,12526,2,True
9,12542,4,True
1,12542,4,True
3,12587,2,True
4,12603,4,True
0,12674,5,True
7,12680,6,True
3,12693,0,True
0,12717,3,True
9,12725,4,True
1,12725,4,True
5,12741,6,True
5,12762,1,True
10,12762,1,True
11,12778,3,True
10,12839,3,True
11,12839,3,True
3,12847,4,True
6,12855,5,True
2,12884,1,True
3,12892,2,True
1,12900,3,True
6,12908,4,True
10,12916,5,True
7,12916,5,True
11,12924,6,True
2,12945,1,True
5,12961,3,True
9,12969,4,True
1,12993,7,True
3,13006,0,True
5,13014,1,True
4,13030,3,True
8,13054,6,True
6,13054,6,True
9,13070,8,True
4,13091,1,True
2,13115,4,True
7,13123,5,True
3,13147,8,True
8,13176,2,True
5,13176,2,True
7,13184,3,True
0,13253,2,True
3,13277,5,True
5,13277,5,True
7,13293,7,True
8,13293,7,True
3,13314,0,True
4,13322,1,True
5,13378,8,True
0,13391,0,True
4,13415,3,True
10,13422,3,True
5,13500,4,True
10,13508,5,True
4,13524,7,True
11,13524,7,True
7,13561,2,True
0,13561,2,True
4,13569,3,True
11,13601,7,True
6,13630,1,True
1,13646,3,True
3,13654,4,True
7,13662,5,True
5,13678,7,True
6,13699,0,True
5,13731,4,True
4,13755,7,True
1,13763,8,True
11,13763,8,True
7,13763,8,True
1,13800,3,True
5,13800,3,True
9,13824,6,True
9,13877,3,True
3,13901,6,True
7,13909,7,True
2,13917,8,True
5,13930,0,True
2,13938,1,True
4,13962,4,True
3,14047,5,True
8,14055,6,True
9,14071,8,True
5,14100,2,True
4,14100,2,True
8,14124,5,True
3,14132,6,True
5,14161,1,True
3,14169,2,True
10,14222,0,True
7,14230,1,True
8,14262,5,True
5,14262,5,True
4,14278,7,True
7,14299,1,True
4,14347,7,True
0,14360,0,True
4,14376,2,True
1,14396,4,True
7,14400,5,True
6,14400,5,True
3,14416,7,True
5,14416,7,True
4,14429,0,True
0,14429,0,True
10,14453,3,True
1,14453,3,True
11,14469,5,True
2,14477,6,True
6,14485,7,True
0,14506,1,True
7,14522,3,True
2,14522,3,True
11,14530,4,True
6,14562,8,True
9,14575,0,True
4,14607,4,True
3,14631,7,True
3,14668,1,True
5,14668,1,True
9,14716,7,True
10,14745,0,True
3,14753,1,True
5,14870,6,True
7,14878,7,True
4,14891,0,True
3,14891,0,True
8,14923,4,True
11,14923,4,True
9,14952,0,True
3,14952,0,True
5,14960,1,True
7,14960,1,True
11,14976,3,True
10,15000,6,True
